{"lr": 0.002662064825930371, "data_time": 0.00026946067810058595, "loss": 1.235371994972229, "time": 0.1734173536300659, "epoch": 1, "memory": 5590, "step": 55}
{"accuracy/top1": 82.79816436767578, "accuracy/top5": 98.1651382446289, "data_time": 0.08784335000174386, "time": 0.17263105937412807, "step": 1}
{"lr": 0.0028271308523409354, "data_time": 0.0005130529403686524, "loss": 0.5980036944150925, "time": 0.276289701461792, "epoch": 2, "memory": 5590, "step": 110}
{"accuracy/top1": 86.46788787841797, "accuracy/top5": 98.62384796142578, "data_time": 0.031641483306884766, "time": 0.11770185828208923, "step": 2}
{"lr": 0.0029921968787514955, "data_time": 0.00034649372100830077, "loss": 0.43478886783123016, "time": 0.15658183097839357, "epoch": 3, "memory": 5590, "step": 165}
{"accuracy/top1": 90.59632873535156, "accuracy/top5": 99.31192779541016, "data_time": 0.031124532222747803, "time": 0.12073701620101929, "step": 3}
{"lr": 0.003157262905162059, "data_time": 0.0003333568572998047, "loss": 0.3148088216781616, "time": 0.2800979852676392, "epoch": 4, "memory": 5590, "step": 220}
{"accuracy/top1": 91.97247314453125, "accuracy/top5": 99.5412826538086, "data_time": 0.03156653046607971, "time": 0.11929386854171753, "step": 4}
{"lr": 0.0033223289315726197, "data_time": 0.00045006275177001954, "loss": 0.22917620241641998, "time": 0.25836317539215087, "epoch": 5, "memory": 5590, "step": 275}
{"accuracy/top1": 93.1192626953125, "accuracy/top5": 99.5412826538086, "data_time": 0.027880847454071045, "time": 0.0764690637588501, "step": 5}
{"lr": 0.0034873949579831806, "data_time": 0.0005294084548950195, "loss": 0.22127763628959657, "time": 0.2835160970687866, "epoch": 6, "memory": 5590, "step": 330}
{"accuracy/top1": 94.26605224609375, "accuracy/top5": 99.5412826538086, "data_time": 0.03049081563949585, "time": 0.11388891935348511, "step": 6}
{"lr": 0.0036524609843937433, "data_time": 0.00033829212188720705, "loss": 0.20261248871684073, "time": 0.2891408920288086, "epoch": 7, "memory": 5590, "step": 385}
{"accuracy/top1": 90.82568359375, "accuracy/top5": 99.08256530761719, "data_time": 0.030391693115234375, "time": 0.08539330959320068, "step": 7}
{"lr": 0.0038175270108043065, "data_time": 0.00036351680755615235, "loss": 0.2069875605404377, "time": 0.2853409767150879, "epoch": 8, "memory": 5590, "step": 440}
{"accuracy/top1": 92.6605453491211, "accuracy/top5": 99.31192779541016, "data_time": 0.031680554151535034, "time": 0.11662334203720093, "step": 8}
{"lr": 0.003982593037214872, "data_time": 0.00036113262176513673, "loss": 0.1806410014629364, "time": 0.28988041877746584, "epoch": 9, "memory": 5590, "step": 495}
{"accuracy/top1": 92.43119049072266, "accuracy/top5": 99.31192779541016, "data_time": 0.03402957320213318, "time": 0.12485381960868835, "step": 9}
{"lr": 0.004147659063625436, "data_time": 0.0005403280258178711, "loss": 0.12458983734250069, "time": 0.28779327869415283, "epoch": 10, "memory": 5590, "step": 550}
{"accuracy/top1": 92.6605453491211, "accuracy/top5": 99.31192779541016, "data_time": 0.03265953063964844, "time": 0.11893036961555481, "step": 10}
